strain,stress,material
0.00004,0.01287,Aluminum
0.00004,0.01287,Aluminum
0.00004,0.01287,Aluminum
0.00004,0.02146,Aluminum
0.00004,0.02825,Aluminum
0.00004,0.03608,Aluminum
0.00005,0.05299,Aluminum
0.00004,0.06184,Aluminum
0.00005,0.07295,Aluminum
0.00005,0.08487,Aluminum
0.00005,0.0927,Aluminum
0.00005,0.10291,Aluminum
0.00005,0.11062,Aluminum
0.00005,0.11925,Aluminum
0.00006,0.12605,Aluminum
0.00006,0.13025,Aluminum
0.00006,0.13729,Aluminum
0.00006,0.14659,Aluminum
0.00006,0.1534,Aluminum
0.00006,0.15499,Aluminum
0.00006,0.16372,Aluminum
0.00006,0.17121,Aluminum
0.00007,0.17496,Aluminum
0.00007,0.18347,Aluminum
0.00007,0.18835,Aluminum
0.00007,0.193,Aluminum
0.00007,0.20083,Aluminum
0.00007,0.20491,Aluminum
0.00007,0.20923,Aluminum
0.00008,0.21705,Aluminum
0.00007,0.20991,Aluminum
0.00007,0.18914,Aluminum
0.00009,0.16271,Aluminum
0.00009,0.15828,Aluminum
0.00009,0.1601,Aluminum
0.00009,0.17735,Aluminum
0.00009,0.19505,Aluminum
0.00009,0.209,Aluminum
0.00009,0.21774,Aluminum
0.00009,0.22545,Aluminum
0.00009,0.23374,Aluminum
0.0001,0.24055,Aluminum
0.00009,0.24281,Aluminum
0.00009,0.24849,Aluminum
0.00009,0.25643,Aluminum
0.00009,0.25756,Aluminum
0.00009,0.26097,Aluminum
0.00009,0.26891,Aluminum
0.00009,0.26891,Aluminum
0.00009,0.27458,Aluminum
0.00009,0.27572,Aluminum
0.00009,0.28139,Aluminum
0.00009,0.28139,Aluminum
0.00009,0.29274,Aluminum
0.0001,0.29501,Aluminum
0.0001,0.30295,Aluminum
0.0001,0.30295,Aluminum
0.0001,0.30409,Aluminum
0.0001,0.30976,Aluminum
0.0001,0.30409,Aluminum
0.0001,0.30295,Aluminum
0.0001,0.29614,Aluminum
0.0001,0.29501,Aluminum
0.00009,0.28707,Aluminum
0.0001,0.28139,Aluminum
0.0001,0.27345,Aluminum
0.0001,0.26551,Aluminum
0.0001,0.2621,Aluminum
0.00009,0.25076,Aluminum
0.00009,0.24168,Aluminum
0.00009,0.2326,Aluminum
0.00009,0.22511,Aluminum
0.00009,0.2098,Aluminum
0.00009,0.19788,Aluminum
0.00009,0.18665,Aluminum
0.00008,0.16736,Aluminum
0.00008,0.14966,Aluminum
0.00008,0.13321,Aluminum
0.00007,0.11482,Aluminum
0.00007,0.10189,Aluminum
0.00008,0.1045,Aluminum
0.00008,0.10586,Aluminum
0.00008,0.1138,Aluminum
0.00009,0.12617,Aluminum
0.0001,0.13809,Aluminum
0.00009,0.15942,Aluminum
0.00009,0.182,Aluminum
0.00009,0.19539,Aluminum
0.00009,0.21536,Aluminum
0.00009,0.2326,Aluminum
0.0001,0.24622,Aluminum
0.0001,0.26097,Aluminum
0.0001,0.27799,Aluminum
0.0001,0.29388,Aluminum
0.0001,0.30863,Aluminum
0.00011,0.32451,Aluminum
0.00011,0.337,Aluminum
0.00011,0.35515,Aluminum
0.00011,0.37331,Aluminum
0.00012,0.39033,Aluminum
0.00012,0.40962,Aluminum
0.00012,0.42664,Aluminum
0.00012,0.44706,Aluminum
0.00013,0.4743,Aluminum
0.00013,0.50607,Aluminum
0.00014,0.54352,Aluminum
0.00014,0.57756,Aluminum
0.00015,0.61047,Aluminum
0.00015,0.64679,Aluminum
0.00016,0.68197,Aluminum
0.00016,0.71941,Aluminum
0.00016,0.75686,Aluminum
0.00017,0.79658,Aluminum
0.00018,0.83857,Aluminum
0.00018,0.88283,Aluminum
0.00019,0.92823,Aluminum
0.00019,0.97363,Aluminum
0.0002,1.02129,Aluminum
0.00021,1.07123,Aluminum
0.00021,1.1189,Aluminum
0.00022,1.16997,Aluminum
0.00022,1.22331,Aluminum
0.00023,1.27665,Aluminum
0.00023,1.32886,Aluminum
0.00024,1.38107,Aluminum
0.00025,1.43669,Aluminum
0.00025,1.4889,Aluminum
0.00026,1.54338,Aluminum
0.00027,1.59786,Aluminum
0.00027,1.64894,Aluminum
0.00028,1.70683,Aluminum
0.00029,1.76245,Aluminum
0.00029,1.81353,Aluminum
0.0003,1.86461,Aluminum
0.0003,1.92023,Aluminum
0.00031,1.97359,Aluminum
0.00032,2.0258,Aluminum
0.00032,2.08256,Aluminum
0.00033,2.13251,Aluminum
0.00034,2.18814,Aluminum
0.00034,2.24262,Aluminum
0.00035,2.30393,Aluminum
0.00036,2.3607,Aluminum
0.00036,2.40611,Aluminum
0.00037,2.46287,Aluminum
0.00038,2.51963,Aluminum
0.00039,2.58775,Aluminum
0.00039,2.64452,Aluminum
0.0004,2.70129,Aluminum
0.00041,2.76942,Aluminum
0.00042,2.8262,Aluminum
0.00043,2.89433,Aluminum
0.00044,2.9511,Aluminum
0.00045,3.01923,Aluminum
0.00045,3.076,Aluminum
0.00046,3.14413,Aluminum
0.00047,3.21227,Aluminum
0.00048,3.28039,Aluminum
0.00049,3.34853,Aluminum
0.0005,3.41667,Aluminum
0.0005,3.4848,Aluminum
0.00051,3.55294,Aluminum
0.00052,3.63243,Aluminum
0.00053,3.70058,Aluminum
0.00054,3.78008,Aluminum
0.00055,3.84822,Aluminum
0.00056,3.92772,Aluminum
0.00057,3.99587,Aluminum
0.00058,4.07537,Aluminum
0.00059,4.15488,Aluminum
0.0006,4.23439,Aluminum
0.00061,4.31391,Aluminum
0.00062,4.39342,Aluminum
0.00064,4.47294,Aluminum
0.00064,4.55245,Aluminum
0.00065,4.63195,Aluminum
0.00066,4.71147,Aluminum
0.00068,4.80236,Aluminum
0.00068,4.88187,Aluminum
0.00069,4.96139,Aluminum
0.0007,5.04091,Aluminum
0.00072,5.1318,Aluminum
0.00072,5.22267,Aluminum
0.00073,5.30219,Aluminum
0.00075,5.3931,Aluminum
0.00076,5.47263,Aluminum
0.00077,5.56352,Aluminum
0.00078,5.65441,Aluminum
0.00079,5.73395,Aluminum
0.0008,5.82485,Aluminum
0.00081,5.91576,Aluminum
0.00082,6.00667,Aluminum
0.00083,6.09758,Aluminum
0.00084,6.18847,Aluminum
0.00086,6.27939,Aluminum
0.00087,6.38165,Aluminum
0.00088,6.46122,Aluminum
0.00089,6.56349,Aluminum
0.0009,6.65441,Aluminum
0.00091,6.74531,Aluminum
0.00092,6.83624,Aluminum
0.00093,6.93852,Aluminum
0.00095,7.02947,Aluminum
0.00095,7.12037,Aluminum
0.00096,7.21129,Aluminum
0.00098,7.3136,Aluminum
0.00099,7.4159,Aluminum
0.001,7.50684,Aluminum
0.00101,7.59777,Aluminum
0.00102,7.70006,Aluminum
0.00103,7.80235,Aluminum
0.00105,7.89332,Aluminum
0.00106,7.99564,Aluminum
0.00107,8.09795,Aluminum
0.00108,8.18888,Aluminum
0.00109,8.29121,Aluminum
0.0011,8.40489,Aluminum
0.00111,8.50719,Aluminum
0.00112,8.60948,Aluminum
0.00113,8.70045,Aluminum
0.00115,8.79143,Aluminum
0.00116,8.89374,Aluminum
0.00117,8.98469,Aluminum
0.00118,9.08701,Aluminum
0.00119,9.18935,Aluminum
0.00119,9.29164,Aluminum
0.00121,9.38264,Aluminum
0.00122,9.49632,Aluminum
0.00123,9.59867,Aluminum
0.00124,9.70102,Aluminum
0.00125,9.80332,Aluminum
0.00126,9.89433,Aluminum
0.00127,10.00801,Aluminum
0.00128,10.11038,Aluminum
0.00129,10.21272,Aluminum
0.0013,10.31507,Aluminum
0.00131,10.41742,Aluminum
0.00132,10.53114,Aluminum
0.00134,10.63352,Aluminum
0.00135,10.73586,Aluminum
0.00136,10.83824,Aluminum
0.00137,10.95196,Aluminum
0.00138,11.05434,Aluminum
0.00139,11.15672,Aluminum
0.0014,11.25907,Aluminum
0.00141,11.37282,Aluminum
0.00142,11.4752,Aluminum
0.00144,11.58896,Aluminum
0.00145,11.70269,Aluminum
0.00146,11.8051,Aluminum
0.00147,11.91884,Aluminum
0.00148,12.02123,Aluminum
0.00149,12.13497,Aluminum
0.0015,12.23737,Aluminum
0.00151,12.35112,Aluminum
0.00152,12.46485,Aluminum
0.00154,12.57874,Aluminum
0.00156,12.6812,Aluminum
0.00156,12.79492,Aluminum
0.00157,12.90871,Aluminum
0.00159,13.02252,Aluminum
0.0016,13.1363,Aluminum
0.00161,13.25008,Aluminum
0.00162,13.37524,Aluminum
0.00164,13.51178,Aluminum
0.00165,13.63698,Aluminum
0.00166,13.76214,Aluminum
0.00167,13.88732,Aluminum
0.00168,14.01247,Aluminum
0.00169,14.13762,Aluminum
0.00171,14.26285,Aluminum
0.00172,14.37662,Aluminum
0.00173,14.49045,Aluminum
0.00174,14.59285,Aluminum
0.00175,14.70665,Aluminum
0.00176,14.80911,Aluminum
0.00177,14.92293,Aluminum
0.00178,15.03675,Aluminum
0.00179,15.15057,Aluminum
0.0018,15.2644,Aluminum
0.00181,15.3782,Aluminum
0.00182,15.49201,Aluminum
0.00183,15.60586,Aluminum
0.00185,15.71973,Aluminum
0.00186,15.84493,Aluminum
0.00187,15.95874,Aluminum
0.00188,16.0726,Aluminum
0.00189,16.18643,Aluminum
0.0019,16.30026,Aluminum
0.00191,16.41414,Aluminum
0.00192,16.53933,Aluminum
0.00193,16.65322,Aluminum
0.00195,16.76709,Aluminum
0.00196,16.88095,Aluminum
0.00197,16.99478,Aluminum
0.00198,17.12003,Aluminum
0.00199,17.2453,Aluminum
0.002,17.3591,Aluminum
0.00201,17.47296,Aluminum
0.00203,17.58699,Aluminum
0.00204,17.71222,Aluminum
0.00205,17.82608,Aluminum
0.00206,17.95132,Aluminum
0.00207,18.06519,Aluminum
0.00208,18.17906,Aluminum
0.0021,18.30448,Aluminum
0.0021,18.41817,Aluminum
0.00212,18.53224,Aluminum
0.00213,18.65749,Aluminum
0.00214,18.77137,Aluminum
0.00215,18.89663,Aluminum
0.00216,19.01051,Aluminum
0.00217,19.1244,Aluminum
0.00218,19.24967,Aluminum
0.0022,19.36375,Aluminum
0.0022,19.48883,Aluminum
0.00222,19.61429,Aluminum
0.00223,19.7282,Aluminum
0.00224,19.85347,Aluminum
0.00225,19.96738,Aluminum
0.00227,20.09286,Aluminum
0.00227,20.20657,Aluminum
0.00229,20.33206,Aluminum
0.0023,20.45735,Aluminum
0.00231,20.57127,Aluminum
0.00232,20.69657,Aluminum
0.00233,20.82186,Aluminum
0.00235,20.936,Aluminum
0.00236,21.0613,Aluminum
0.00237,21.18661,Aluminum
0.00238,21.30054,Aluminum
0.00239,21.42585,Aluminum
0.0024,21.55117,Aluminum
0.00242,21.66532,Aluminum
0.00243,21.79064,Aluminum
0.00244,21.91597,Aluminum
0.00245,22.02992,Aluminum
0.00246,22.15524,Aluminum
0.00247,22.28057,Aluminum
0.00249,22.40613,Aluminum
0.0025,22.53146,Aluminum
0.00251,22.64543,Aluminum
0.00252,22.74802,Aluminum
0.00253,22.86199,Aluminum
0.00254,22.97596,Aluminum
0.00256,23.2039,Aluminum
0.00257,23.31788,Aluminum
0.00258,23.43186,Aluminum
0.00259,23.54584,Aluminum
0.00261,23.66006,Aluminum
0.00262,23.77405,Aluminum
0.00263,23.88804,Aluminum
0.00264,24.00203,Aluminum
0.00265,24.11602,Aluminum
0.00266,24.23002,Aluminum
0.00267,24.34402,Aluminum
0.00269,24.57202,Aluminum
0.0027,24.68603,Aluminum
0.00271,24.80004,Aluminum
0.00272,24.91405,Aluminum
0.00274,25.02831,Aluminum
0.00275,25.14233,Aluminum
0.00276,25.25634,Aluminum
0.00278,25.37062,Aluminum
0.00279,25.59841,Aluminum
0.0028,25.71244,Aluminum
0.00281,25.82647,Aluminum
0.00282,25.9405,Aluminum
0.00284,26.05479,Aluminum
0.00285,26.16883,Aluminum
0.00286,26.28287,Aluminum
0.00287,26.39691,Aluminum
0.00289,26.51122,Aluminum
0.0029,26.73905,Aluminum
0.00291,26.8531,Aluminum
0.00292,26.96716,Aluminum
0.00293,27.08121,Aluminum
0.00295,27.19554,Aluminum
0.00296,27.3096,Aluminum
0.00297,27.42366,Aluminum
0.00298,27.65152,Aluminum
0.003,27.76587,Aluminum
0.00301,27.87994,Aluminum
0.00302,27.99402,Aluminum
0.00303,28.10809,Aluminum
0.00305,28.22245,Aluminum
0.00306,28.45034,Aluminum
0.00307,28.56442,Aluminum
0.00309,28.6788,Aluminum
0.0031,28.79289,Aluminum
0.00311,28.90698,Aluminum
0.00312,29.02108,Aluminum
0.00313,29.13518,Aluminum
0.00315,29.36338,Aluminum
0.00316,29.47749,Aluminum
0.00316,29.5916,Aluminum
0.00318,29.706,Aluminum
0.00319,29.82012,Aluminum
0.0032,30.04805,Aluminum
0.00322,30.16247,Aluminum
0.00323,30.27659,Aluminum
0.00324,30.39072,Aluminum
0.00325,30.50484,Aluminum
0.00327,30.61928,Aluminum
0.00328,30.84724,Aluminum
0.00329,30.96137,Aluminum
0.00331,31.07582,Aluminum
0.00332,31.18996,Aluminum
0.00333,31.30411,Aluminum
0.00334,31.53209,Aluminum
0.00336,31.64655,Aluminum
0.00337,31.76071,Aluminum
0.00339,31.87518,Aluminum
0.0034,31.98934,Aluminum
0.00341,32.21734,Aluminum
0.00343,32.33183,Aluminum
0.00344,32.446,Aluminum
0.00345,32.56017,Aluminum
0.00347,32.67466,Aluminum
0.00348,32.90269,Aluminum
0.0035,33.0172,Aluminum
0.0035,33.13105,Aluminum
0.00352,33.24556,Aluminum
0.00353,33.47361,Aluminum
0.00355,33.58813,Aluminum
0.00356,33.70233,Aluminum
0.00357,33.81652,Aluminum
0.00359,34.04492,Aluminum
0.00361,34.15947,Aluminum
0.00362,34.27367,Aluminum
0.00364,34.38822,Aluminum
0.00365,34.6163,Aluminum
0.00366,34.73052,Aluminum
0.00368,34.84508,Aluminum
0.00369,34.95931,Aluminum
0.0037,35.1874,Aluminum
0.00372,35.30198,Aluminum
0.00373,35.41621,Aluminum
0.00374,35.53045,Aluminum
0.00376,35.75892,Aluminum
0.00377,35.87316,Aluminum
0.00379,35.98776,Aluminum
0.0038,36.102,Aluminum
0.00381,36.33014,Aluminum
0.00383,36.44475,Aluminum
0.00384,36.559,Aluminum
0.00386,36.67363,Aluminum
0.00387,36.90178,Aluminum
0.00389,37.01641,Aluminum
0.0039,37.13068,Aluminum
0.00391,37.35885,Aluminum
0.00393,37.47349,Aluminum
0.00394,37.58777,Aluminum
0.00396,37.81633,Aluminum
0.00397,37.93061,Aluminum
0.00399,38.04527,Aluminum
0.004,38.27347,Aluminum
0.00401,38.38776,Aluminum
0.00403,38.50244,Aluminum
0.00405,38.61712,Aluminum
0.00406,38.84534,Aluminum
0.00407,38.95964,Aluminum
0.00409,39.07433,Aluminum
0.0041,39.30256,Aluminum
0.00412,39.41727,Aluminum
0.00413,39.53159,Aluminum
0.00415,39.76023,Aluminum
0.00416,39.87455,Aluminum
0.00418,39.98927,Aluminum
0.00419,40.21753,Aluminum
0.00421,40.33227,Aluminum
0.00422,40.56054,Aluminum
0.00424,40.67528,Aluminum
0.00425,40.78962,Aluminum
0.00427,41.01832,Aluminum
0.00428,41.13266,Aluminum
0.0043,41.24743,Aluminum
0.00431,41.47573,Aluminum
0.00433,41.5905,Aluminum
0.00434,41.70486,Aluminum
0.00436,41.93359,Aluminum
0.00437,42.04796,Aluminum
0.00439,42.2767,Aluminum
0.0044,42.39108,Aluminum
0.00442,42.50588,Aluminum
0.00443,42.73422,Aluminum
0.00445,42.84903,Aluminum
0.00446,43.07738,Aluminum
0.00448,43.1922,Aluminum
0.0045,43.30703,Aluminum
0.00451,43.53539,Aluminum
0.00453,43.65023,Aluminum
0.00454,43.8786,Aluminum
0.00456,43.99345,Aluminum
0.00457,44.10786,Aluminum
0.00459,44.33669,Aluminum
0.00461,44.45155,Aluminum
0.00462,44.56597,Aluminum
0.00463,44.79438,Aluminum
0.00465,44.90925,Aluminum
0.00467,45.02413,Aluminum
0.00468,45.25255,Aluminum
0.0047,45.36744,Aluminum
0.00471,45.48188,Aluminum
0.00473,45.71077,Aluminum
0.00474,45.82522,Aluminum
0.00475,45.93967,Aluminum
0.00477,46.16858,Aluminum
0.00478,46.28304,Aluminum
0.0048,46.39796,Aluminum
0.00481,46.62642,Aluminum
0.00483,46.74135,Aluminum
0.00485,46.85629,Aluminum
0.00486,47.08477,Aluminum
0.00487,47.19924,Aluminum
0.00489,47.31419,Aluminum
0.00491,47.54316,Aluminum
0.00492,47.65765,Aluminum
0.00494,47.77261,Aluminum
0.00495,47.8871,Aluminum
0.00497,48.1161,Aluminum
0.00499,48.23107,Aluminum
0.00501,48.34606,Aluminum
0.00503,48.46105,Aluminum
0.00505,48.69007,Aluminum
0.00507,48.80507,Aluminum
0.0051,48.92056,Aluminum
0.00513,49.03605,Aluminum
0.00516,49.15156,Aluminum
0.00519,49.26707,Aluminum
0.00522,49.38259,Aluminum
0.00526,49.4986,Aluminum
0.00531,49.61512,Aluminum
0.00535,49.73116,Aluminum
0.00539,49.73314,Aluminum
0.00545,49.85018,Aluminum
0.00549,49.96674,Aluminum
0.00554,50.08331,Aluminum
0.0056,50.0863,Aluminum
0.00566,50.20338,Aluminum
0.00573,50.32099,Aluminum
0.0058,50.32449,Aluminum
0.00586,50.44161,Aluminum
0.00594,50.44562,Aluminum
0.00601,50.56327,Aluminum
0.00608,50.56679,Aluminum
0.00616,50.68497,Aluminum
0.00624,50.689,Aluminum
0.00632,50.8072,Aluminum
0.0064,50.81124,Aluminum
0.00648,50.92947,Aluminum
0.00656,50.93352,Aluminum
0.00665,50.93807,Aluminum
0.00674,51.05685,Aluminum
0.00682,51.0609,Aluminum
0.00692,51.06597,Aluminum
0.00701,51.18479,Aluminum
0.00709,51.18936,Aluminum
0.00719,51.19445,Aluminum
0.00729,51.31381,Aluminum
0.00738,51.3184,Aluminum
0.00749,51.324,Aluminum
0.00759,51.44342,Aluminum
0.00769,51.44852,Aluminum
0.00779,51.45363,Aluminum
0.00789,51.45873,Aluminum
0.008,51.57871,Aluminum
0.00811,51.58434,Aluminum
0.00821,51.58946,Aluminum
0.00831,51.70898,Aluminum
0.00841,51.71462,Aluminum
0.00851,51.71974,Aluminum
0.00862,51.72539,Aluminum
0.00872,51.84496,Aluminum
0.00883,51.85062,Aluminum
0.00893,51.85575,Aluminum
0.00904,51.86141,Aluminum
0.00914,51.98104,Aluminum
0.00925,51.98671,Aluminum
0.00935,51.99186,Aluminum
0.00945,51.99701,Aluminum
0.00955,52.11722,Aluminum
0.00965,52.12238,Aluminum
0.00976,52.12806,Aluminum
0.00986,52.13322,Aluminum
0.00996,52.25297,Aluminum
0.01006,52.25815,Aluminum
0.01016,52.26332,Aluminum
0.01026,52.2685,Aluminum
0.01037,52.38882,Aluminum
0.01047,52.39401,Aluminum
0.01056,52.39919,Aluminum
0.01066,52.40438,Aluminum
0.01077,52.52476,Aluminum
0.01087,52.52996,Aluminum
0.01098,52.53568,Aluminum
0.01108,52.54087,Aluminum
0.01119,52.66132,Aluminum
0.0113,52.66705,Aluminum
0.01139,52.67225,Aluminum
0.01149,52.67746,Aluminum
0.0116,52.79797,Aluminum
0.01171,52.80371,Aluminum
0.01181,52.80893,Aluminum
0.01192,52.81467,Aluminum
0.01203,52.93524,Aluminum
0.01213,52.94047,Aluminum
0.01223,52.94622,Aluminum
0.01234,52.95197,Aluminum
0.01245,53.0726,Aluminum
0.01256,53.07837,Aluminum
0.01266,53.08361,Aluminum
0.01277,53.08937,Aluminum
0.01288,53.21007,Aluminum
0.01299,53.21584,Aluminum
0.01309,53.22162,Aluminum
0.0132,53.2274,Aluminum
0.01331,53.34815,Aluminum
0.01341,53.35342,Aluminum
0.01352,53.35921,Aluminum
0.01362,53.47948,Aluminum
0.01374,53.48581,Aluminum
0.01383,53.49109,Aluminum
0.01394,53.49689,Aluminum
0.01404,53.61723,Aluminum
0.01415,53.62304,Aluminum
0.01426,53.62886,Aluminum
0.01436,53.63414,Aluminum
0.01446,53.75507,Aluminum
0.01456,53.76036,Aluminum
0.01467,53.76619,Aluminum
0.01477,53.77149,Aluminum
0.01487,53.89194,Aluminum
0.01498,53.89778,Aluminum
0.01508,53.90309,Aluminum
0.01517,53.9084,Aluminum
0.01527,54.02891,Aluminum
0.01538,54.03477,Aluminum
0.01548,54.04009,Aluminum
0.01558,54.04541,Aluminum
0.01569,54.16651,Aluminum
0.01578,54.17184,Aluminum
0.01588,54.17717,Aluminum
0.01599,54.29832,Aluminum
0.01608,54.30313,Aluminum
0.01618,54.30848,Aluminum
0.01629,54.31435,Aluminum
0.01639,54.43503,Aluminum
0.01649,54.44092,Aluminum
0.01659,54.44627,Aluminum
0.0167,54.45216,Aluminum
0.0168,54.57289,Aluminum
0.01695,54.81173,Aluminum
0.01715,54.93846,Aluminum
0.01743,54.95358,Aluminum
0.01777,54.97249,Aluminum
0.01815,54.99355,Aluminum
0.0186,55.01785,Aluminum
0.01903,55.15724,Aluminum
0.01951,55.18376,Aluminum
0.02,55.32657,Aluminum
0.02059,55.47492,Aluminum
0.02108,55.61796,Aluminum
0.02157,55.76112,Aluminum
0.02205,55.90439,Aluminum
0.02254,56.04777,Aluminum
0.02293,56.18578,Aluminum
0.02342,56.32938,Aluminum
0.02381,56.46758,Aluminum
0.0243,56.61139,Aluminum
0.02469,56.74978,Aluminum
0.02508,56.88826,Aluminum
0.02547,57.02684,Aluminum
0.02586,57.1655,Aluminum
0.02625,57.30425,Aluminum
0.02664,57.4431,Aluminum
0.02713,57.58764,Aluminum
0.02752,57.72668,Aluminum
0.028,57.87143,Aluminum
0.02849,58.0163,Aluminum
0.02898,58.16129,Aluminum
0.02946,58.30638,Aluminum
0.03004,58.45727,Aluminum
0.03053,58.48563,Aluminum
0.03101,58.63102,Aluminum
0.0315,58.77653,Aluminum
0.03189,58.91644,Aluminum
0.03237,59.06216,Aluminum
0.03285,59.20799,Aluminum
0.03324,59.3482,Aluminum
0.03363,59.4885,Aluminum
0.03411,59.63465,Aluminum
0.0345,59.77514,Aluminum
0.03488,59.91572,Aluminum
0.03527,59.93886,Aluminum
0.03566,60.07958,Aluminum
0.03604,60.22039,Aluminum
0.03652,60.36711,Aluminum
0.03691,60.39039,Aluminum
0.0373,60.53144,Aluminum
0.03768,60.67257,Aluminum
0.03816,60.81966,Aluminum
0.03864,60.96685,Aluminum
0.03912,61.11416,Aluminum
0.03961,61.14354,Aluminum
0.04009,61.29102,Aluminum
0.04066,61.44452,Aluminum
0.04114,61.59223,Aluminum
0.04172,61.6277,Aluminum
0.0422,61.7756,Aluminum
0.04277,61.92954,Aluminum
0.04325,61.95921,Aluminum
0.04373,62.10741,Aluminum
0.0443,62.26167,Aluminum
0.04478,62.29145,Aluminum
0.04516,62.43397,Aluminum
0.04564,62.58256,Aluminum
0.04602,62.72528,Aluminum
0.0465,62.75523,Aluminum
0.04679,62.89209,Aluminum
0.04717,63.03503,Aluminum
0.04755,63.17806,Aluminum
0.04784,63.19613,Aluminum
0.04822,63.33929,Aluminum
0.0485,63.47649,Aluminum
0.04889,63.50068,Aluminum
0.04917,63.51882,Aluminum
0.04946,63.65617,Aluminum
0.04984,63.79965,Aluminum
0.05012,63.81786,Aluminum
0.0505,63.96147,Aluminum
0.05088,63.9858,Aluminum
0.05136,64.13564,Aluminum
0.05183,64.1661,Aluminum
0.0524,64.32221,Aluminum
0.05307,64.48458,Aluminum
0.05373,64.52738,Aluminum
0.0543,64.68386,Aluminum
0.05506,64.85275,Aluminum
0.05572,64.89571,Aluminum
0.05629,65.05256,Aluminum
0.05704,65.22187,Aluminum
0.0577,65.26499,Aluminum
0.05836,65.42839,Aluminum
0.05902,65.47159,Aluminum
0.05968,65.63523,Aluminum
0.06034,65.67851,Aluminum
0.061,65.72179,Aluminum
0.06157,65.87955,Aluminum
0.06222,65.92291,Aluminum
0.06279,65.96008,Aluminum
0.06326,66.11192,Aluminum
0.06382,66.14915,Aluminum
0.06429,66.18018,Aluminum
0.06476,66.33226,Aluminum
0.06513,66.47822,Aluminum
0.06541,66.61803,Aluminum
0.0656,66.63051,Aluminum
0.06579,66.64299,Aluminum
0.06597,66.65547,Aluminum
0.06607,66.66171,Aluminum
0.06616,66.66795,Aluminum
0.06626,66.91664,Aluminum
0.06644,67.29291,Aluminum
0.06663,67.54804,Aluminum
0.06672,67.43308,Aluminum
0.06682,66.83292,Aluminum
0.06691,67.08178,Aluminum
0.067,67.08806,Aluminum
0.0671,67.21566,Aluminum
0.06719,67.22194,Aluminum
0.06738,67.35588,Aluminum
0.06766,67.37477,Aluminum
0.06813,67.5277,Aluminum
0.06859,67.55924,Aluminum
0.06925,67.72499,Aluminum
0.06999,67.77554,Aluminum
0.07064,67.94154,Aluminum
0.07139,67.99218,Aluminum
0.07213,68.04283,Aluminum
0.07297,68.22185,Aluminum
0.07372,68.27258,Aluminum
0.07446,68.44555,Aluminum
0.0752,68.49637,Aluminum
0.07603,68.55355,Aluminum
0.07678,68.72689,Aluminum
0.07761,68.78417,Aluminum
0.07835,68.83509,Aluminum
0.07918,68.89237,Aluminum
0.07992,69.06619,Aluminum
0.08075,69.12357,Aluminum
0.08149,69.17458,Aluminum
0.08232,69.35515,Aluminum
0.08305,69.40625,Aluminum
0.08388,69.58712,Aluminum
0.08462,69.63831,Aluminum
0.08535,69.81307,Aluminum
0.08609,69.86435,Aluminum
0.08673,69.90922,Aluminum
0.08737,69.95409,Aluminum
0.08774,70.10359,Aluminum
0.0881,70.12927,Aluminum
0.08829,70.14212,Aluminum
0.08838,70.14854,Aluminum
0.08856,70.28534,Aluminum
0.08865,70.29177,Aluminum
0.08874,70.42219,Aluminum
0.08883,70.42863,Aluminum
0.08893,70.55908,Aluminum
0.08902,70.68956,Aluminum
0.08911,70.69602,Aluminum
0.08911,70.69602,Aluminum
0.0892,70.82653,Aluminum
0.08929,70.95706,Aluminum
0.08938,71.33573,Aluminum
0.08957,71.59695,Aluminum
0.08966,71.72759,Aluminum
0.08984,71.86483,Aluminum
0.08984,70.87188,Aluminum
0.08993,70.63009,Aluminum
0.08993,70.75422,Aluminum
0.09002,70.76069,Aluminum
0.09011,70.76716,Aluminum
0.09011,70.89131,Aluminum
0.09021,70.89779,Aluminum
0.0903,70.90427,Aluminum
0.09057,71.04791,Aluminum
0.09085,71.06738,Aluminum
0.0913,71.09983,Aluminum
0.09176,71.13228,Aluminum
0.0924,71.30214,Aluminum
0.09303,71.34765,Aluminum
0.09376,71.39965,Aluminum
0.09449,71.45166,Aluminum
0.09531,71.63497,Aluminum
0.09595,71.68056,Aluminum
0.09676,71.73917,Aluminum
0.09758,71.92286,Aluminum
0.09831,71.97505,Aluminum
0.09912,72.03376,Aluminum
0.09985,72.08595,Aluminum
0.10066,72.27013,Aluminum
0.10147,72.32895,Aluminum
0.1022,72.38123,Aluminum
0.10301,72.44004,Aluminum
0.10382,72.49886,Aluminum
0.10463,72.55767,Aluminum
0.10535,72.73601,Aluminum
0.10616,72.79493,Aluminum
0.10697,72.85384,Aluminum
0.10778,72.91276,Aluminum
0.1085,73.09159,Aluminum
0.1093,73.1506,Aluminum
0.11011,73.20962,Aluminum
0.11083,73.26208,Aluminum
0.11163,73.44796,Aluminum
0.11244,73.50708,Aluminum
0.11324,73.5662,Aluminum
0.11404,73.62532,Aluminum
0.11485,73.8117,Aluminum
0.11556,73.86434,Aluminum
0.11636,73.92357,Aluminum
0.11716,73.98279,Aluminum
0.11787,74.16308,Aluminum
0.11849,74.20922,Aluminum
0.11912,74.25536,Aluminum
0.11956,74.28832,Aluminum
0.12,74.32128,Aluminum
0.12027,74.46901,Aluminum
0.12053,74.48882,Aluminum
0.12071,74.50203,Aluminum
0.12089,74.51523,Aluminum
0.12098,74.52183,Aluminum
0.12107,74.65649,Aluminum
0.12116,74.66311,Aluminum
0.12124,74.66972,Aluminum
0.12133,74.80443,Aluminum
0.12142,74.81105,Aluminum
0.12151,74.94579,Aluminum
0.1216,74.95243,Aluminum
0.12169,75.0872,Aluminum
0.12178,75.09385,Aluminum
0.12186,75.1005,Aluminum
0.12195,75.23531,Aluminum
0.12195,75.23531,Aluminum
0.12204,75.24197,Aluminum
0.12213,75.37682,Aluminum
0.12222,75.5117,Aluminum
0.12231,75.51838,Aluminum
0.12239,75.65329,Aluminum
0.12248,75.78822,Aluminum
0.12257,75.92317,Aluminum
0.12266,75.92989,Aluminum
0.12284,75.81504,Aluminum
0.12293,75.82175,Aluminum
0.12301,75.82845,Aluminum
0.1231,75.83516,Aluminum
0.12319,75.84186,Aluminum
0.12328,75.84857,Aluminum
0.12337,75.85527,Aluminum
0.12346,75.86198,Aluminum
0.12354,75.74031,Aluminum
0.12346,74.70672,Aluminum
0.12354,74.71332,Aluminum
0.12354,74.71332,Aluminum
0.12363,74.84831,Aluminum
0.12363,74.84831,Aluminum
0.12372,74.85492,Aluminum
0.12381,74.86154,Aluminum
0.12381,74.86154,Aluminum
0.1239,74.86815,Aluminum
0.12407,74.88138,Aluminum
0.12425,74.89461,Aluminum
0.12452,74.91445,Aluminum
0.12487,74.94091,Aluminum
0.12531,74.97398,Aluminum
0.12575,75.13571,Aluminum
0.12637,75.18209,Aluminum
0.1269,75.22185,Aluminum
0.1276,75.27485,Aluminum
0.12822,75.32123,Aluminum
0.12892,75.37424,Aluminum
0.12962,75.42724,Aluminum
0.13041,75.48688,Aluminum
0.13112,75.53988,Aluminum
0.13191,75.59951,Aluminum
0.13261,75.78206,Aluminum
0.13339,75.84179,Aluminum
0.13418,75.90153,Aluminum
0.13497,75.96126,Aluminum
0.13575,76.02099,Aluminum
0.13645,76.07409,Aluminum
0.13724,76.13383,Aluminum
0.13802,76.19356,Aluminum
0.1388,76.25329,Aluminum
0.13959,76.44348,Aluminum
0.14028,76.49666,Aluminum
0.14115,76.56315,Aluminum
0.14185,76.61633,Aluminum
0.14263,76.67617,Aluminum
0.14349,76.74265,Aluminum
0.14427,76.80249,Aluminum
0.14505,76.86233,Aluminum
0.14583,76.92216,Aluminum
0.14661,76.982,Aluminum
0.14738,77.04183,Aluminum
0.14816,77.23324,Aluminum
0.14894,77.29318,Aluminum
0.14971,77.35312,Aluminum
0.15049,77.41306,Aluminum
0.15126,77.47299,Aluminum
0.15203,77.53293,Aluminum
0.15281,77.59287,Aluminum
0.15358,77.65281,Aluminum
0.15435,77.71274,Aluminum
0.15512,77.77268,Aluminum
0.15589,77.83262,Aluminum
0.15666,77.89256,Aluminum
0.15752,77.95916,Aluminum
0.15828,78.152,Aluminum
0.15905,78.21204,Aluminum
0.15982,78.27208,Aluminum
0.16067,78.3388,Aluminum
0.16135,78.39216,Aluminum
0.1622,78.45888,Aluminum
0.16297,78.51892,Aluminum
0.16373,78.57896,Aluminum
0.1645,78.639,Aluminum
0.16526,78.69904,Aluminum
0.16602,78.75908,Aluminum
0.16678,78.81912,Aluminum
0.16755,78.87916,Aluminum
0.16839,78.94587,Aluminum
0.16915,79.00591,Aluminum
0.16991,79.06595,Aluminum
0.17075,79.13266,Aluminum
0.17151,79.1927,Aluminum
0.17236,79.12461,Aluminum
0.17311,79.04965,Aluminum
0.17395,79.11614,Aluminum
0.17471,79.04086,Aluminum
0.17546,79.1006,Aluminum
0.1763,79.03164,Aluminum
0.17714,78.96245,Aluminum
0.1779,78.88644,Aluminum
0.17873,78.95247,Aluminum
0.17957,78.88273,Aluminum
0.18032,78.80618,Aluminum
0.18115,78.736,Aluminum
0.1819,78.52294,Aluminum
0.18315,78.48488,Aluminum
0.18399,78.41386,Aluminum
0.18482,78.20612,Aluminum
0.18565,77.99793,Aluminum
0.18648,77.926,Aluminum
0.18731,77.71702,Aluminum
0.18814,77.50759,Aluminum
0.18897,77.16064,Aluminum
0.18979,76.95018,Aluminum
